Input_Size,Time_ms
1024,0.318677
2048,0.700443
4096,1.44531
8192,3.11199
16384,6.69086
32768,14.7123
65536,31.5845
131072,66.0317
262144,149.097
