Input_Size,Time_ms
1024,1.11563
2048,0.817132
4096,1.05627
8192,1.54531
16384,2.87451
32768,4.77991
65536,9.46969
131072,20.8206
262144,44.6584
